video/gif/sound,,,,
,NFT,Link,,114 pieces
Motion,X Copy: RCS,https://opensea.io/assets/0x41a322b28d0ff354040e2cbc676f0320d8c8850d/1154,,59 video/gif/sounds
Motion,X Copy: Best-case Scenario,https://opensea.io/assets/0xfbeef911dc5821886e1dda71586d90ed28174b7d/108062,,55 images
Motion,X Copy: The Doomed (red),https://opensea.io/assets/0xfbeef911dc5821886e1dda71586d90ed28174b7d/219185,,
,Tom Sachs: Dawn of Man,https://opensea.io/assets/0x6b00de202e3cd03c523ca05d8b47231dbdd9142b/190,,
,Tom Sachs: Hail Satan,https://opensea.io/assets/0x6b00de202e3cd03c523ca05d8b47231dbdd9142b/192,,
,CrypToadz #157,https://opensea.io/assets/0x1cb1a5e65610aeff2551a50f76a87a7d3fb649c6/157,,
,CrypToadz #4488,https://opensea.io/assets/0x1cb1a5e65610aeff2551a50f76a87a7d3fb649c6/4488,,
,CrypToadz #5980,https://opensea.io/assets/0x1cb1a5e65610aeff2551a50f76a87a7d3fb649c6/5980,,
,CrypToadz #4236,https://opensea.io/assets/0x1cb1a5e65610aeff2551a50f76a87a7d3fb649c6/4236,,
,Fidenza #351,https://opensea.io/assets/0xa7d8d9ef8d8ce8992df33d8b8cf4aebabd5bd270/78000351,,
,Fidenza #305,https://opensea.io/assets/0xa7d8d9ef8d8ce8992df33d8b8cf4aebabd5bd270/78000305,,
,Fidenza #473,https://opensea.io/assets/0xa7d8d9ef8d8ce8992df33d8b8cf4aebabd5bd270/78000473,,
,Fidenza #841,https://opensea.io/assets/0xa7d8d9ef8d8ce8992df33d8b8cf4aebabd5bd270/78000841,,
,Fidenza #135,https://opensea.io/assets/0xa7d8d9ef8d8ce8992df33d8b8cf4aebabd5bd270/78000135,,
Motion,DeeKay GM (1/25),https://opensea.io/assets/0x495f947276749ce646f68ac8c248420045cb7b5e/55811192886479495603030323861809408160447344717954815709476291685049503318041,,
Motion,Dom Qwek: Glimmer,https://opensea.io/assets/0xb932a70a57673d89f4acffbe830e8ed7f75fb9e0/30135,,
Motion,Dom Qwek: Origin,https://opensea.io/assets/0xb932a70a57673d89f4acffbe830e8ed7f75fb9e0/30441,,
Motion,Dom Qwek: Flow,https://opensea.io/assets/0xb932a70a57673d89f4acffbe830e8ed7f75fb9e0/30665,,
Motion,Dom Qwek: Dawn,https://opensea.io/assets/0xb932a70a57673d89f4acffbe830e8ed7f75fb9e0/29946,,
Motion,Dom Qwek: Evoke,https://opensea.io/assets/0xb932a70a57673d89f4acffbe830e8ed7f75fb9e0/30312,,
,Mindzeye: Dark Days,https://opensea.io/assets/0xb932a70a57673d89f4acffbe830e8ed7f75fb9e0/29851,,
,Mindzeye: Firenze,https://opensea.io/assets/0xb932a70a57673d89f4acffbe830e8ed7f75fb9e0/29937,,
,Meridian #324,https://opensea.io/assets/0xa7d8d9ef8d8ce8992df33d8b8cf4aebabd5bd270/163000324,,
,Meridian #547,https://opensea.io/assets/0xa7d8d9ef8d8ce8992df33d8b8cf4aebabd5bd270/163000547,,
,Meridian #680,https://opensea.io/assets/0xa7d8d9ef8d8ce8992df33d8b8cf4aebabd5bd270/163000680,,
,Botto: Scene Precede,https://opensea.io/assets/0xb932a70a57673d89f4acffbe830e8ed7f75fb9e0/29922,,
Motion,Luis Ponce: Syncretism overload,https://opensea.io/assets/0xb932a70a57673d89f4acffbe830e8ed7f75fb9e0/31401,,
,Mindzeye: Rue De l'Abreuvoir,https://opensea.io/assets/0xb932a70a57673d89f4acffbe830e8ed7f75fb9e0/29402,,
Motion,Adam Swaab: Two SImple Rules,https://opensea.io/assets/0xb932a70a57673d89f4acffbe830e8ed7f75fb9e0/30763,,
Motion,Bacon Studio: Take Orca to the Moon,https://opensea.io/assets/0x3b3ee1931dc30c1957379fac9aba94d1c48a5405/66035,,
,Karl Roberts: Antidote,https://opensea.io/assets/0x495f947276749ce646f68ac8c248420045cb7b5e/54497389240986861669850449456017497443730946051540329650364182059930051674113,,
Motion,Karl Roberts: Vessels,https://opensea.io/assets/0x495f947276749ce646f68ac8c248420045cb7b5e/54497389240986861669850449456017497443730946051540329650364182066527121440769,,
Motion,Luis Ponce: We have lost the ways of Simplicity,https://opensea.io/assets/0x3b3ee1931dc30c1957379fac9aba94d1c48a5405/106592,,
,CryptoPunk #5640,https://opensea.io/assets/0xb47e3cd837ddf8e4c57f05d70ab865de6e193bbb/5640,,
,CryptoPunk #5069,https://opensea.io/assets/0xb47e3cd837ddf8e4c57f05d70ab865de6e193bbb/5069,,
,CryptoPunk #5017,https://opensea.io/assets/0xb47e3cd837ddf8e4c57f05d70ab865de6e193bbb/5017,,
,CryptoPunk #1961,https://opensea.io/assets/0xb47e3cd837ddf8e4c57f05d70ab865de6e193bbb/1961,,
,CryptoPunk #7388,https://opensea.io/assets/0xb47e3cd837ddf8e4c57f05d70ab865de6e193bbb/7338,,
,CryptoPunk #8620,https://opensea.io/assets/0xb47e3cd837ddf8e4c57f05d70ab865de6e193bbb/8620,,
,CryptoPunk #8472,https://opensea.io/assets/0xb47e3cd837ddf8e4c57f05d70ab865de6e193bbb/8472,,
,CryptoPunk #3831Cozomo,https://opensea.io/assets/0xb47e3cd837ddf8e4c57f05d70ab865de6e193bbb/3831,,
,World of Women #4045,https://opensea.io/assets/0xe785e82358879f061bc3dcac6f0444462d4b5330/4045,,
,World of Women #7242,https://opensea.io/assets/0xe785e82358879f061bc3dcac6f0444462d4b5330/7242,,
,World of Women #8570,https://opensea.io/assets/0xe785e82358879f061bc3dcac6f0444462d4b5330/8570,,
,Meebit #9020,https://opensea.io/assets/0x7bd29408f11d2bfc23c34f18275bbf23bb716bc7/9020,,
,Meebit #9141,https://opensea.io/assets/0x7bd29408f11d2bfc23c34f18275bbf23bb716bc7/9141,,
,Meebit #15264,https://opensea.io/assets/0x7bd29408f11d2bfc23c34f18275bbf23bb716bc7/15264,,
,Meebit #9716,https://opensea.io/assets/0x7bd29408f11d2bfc23c34f18275bbf23bb716bc7/9716,,
,Meebit #9677,https://opensea.io/assets/0x7bd29408f11d2bfc23c34f18275bbf23bb716bc7/9677,,
,CloneX #13135,https://opensea.io/assets/0x49cf6f5d44e70224e2e23fdcdd2c053f30ada28b/7211,,
,Meebit #4095,https://opensea.io/assets/0x7bd29408f11d2bfc23c34f18275bbf23bb716bc7/4095,,
,Meebit #4570,https://opensea.io/assets/0x7bd29408f11d2bfc23c34f18275bbf23bb716bc7/4570,,
,Experiences by Laith Safa #1,https://opensea.io/assets/0x31a0ea69be21f5b07bc331009652055eaf1900be/1,,
,Experiences by Laith Safa #7,https://opensea.io/assets/0x31a0ea69be21f5b07bc331009652055eaf1900be/7,,
,Experiences by Laith Safa #13,https://opensea.io/assets/0x31a0ea69be21f5b07bc331009652055eaf1900be/13,,
,Experiences by Laith Safa #23,https://opensea.io/assets/0x31a0ea69be21f5b07bc331009652055eaf1900be/23,,
,Experiences by Laith Safa #24,https://opensea.io/assets/0x31a0ea69be21f5b07bc331009652055eaf1900be/24,,
,Experiences by Laith Safa #49,https://opensea.io/assets/0x31a0ea69be21f5b07bc331009652055eaf1900be/49,,
,Experiences by Laith Safa #36,https://opensea.io/assets/0x31a0ea69be21f5b07bc331009652055eaf1900be/36,,
,Experiences by Laith Safa #28,https://opensea.io/assets/0x31a0ea69be21f5b07bc331009652055eaf1900be/28,,
,Experiences by Laith Safa #26,https://opensea.io/assets/0x31a0ea69be21f5b07bc331009652055eaf1900be/26,,
,Women by Yam #15,https://opensea.io/assets/0x495f947276749ce646f68ac8c248420045cb7b5e/110027376344877295909482727134025826413318235053321483633059000160056374198273,,
,Women by Yam #1,https://opensea.io/assets/0x495f947276749ce646f68ac8c248420045cb7b5e/110027376344877295909482727134025826413318235053321483633059000150160769548289,,
Sound,WVRP #6566,https://opensea.io/assets/0xcbc67ea382f8a006d46eeeb7255876beb7d7f14d/6566,,
Sound,WVRP #6837,https://opensea.io/assets/0xcbc67ea382f8a006d46eeeb7255876beb7d7f14d/6837,,
Sound,WVRP #6799,https://opensea.io/assets/0xcbc67ea382f8a006d46eeeb7255876beb7d7f14d/6799,,
Sound,WVRP #7072,https://opensea.io/assets/0xcbc67ea382f8a006d46eeeb7255876beb7d7f14d/7072,,
Sound,WVRP #1129,https://opensea.io/assets/0xcbc67ea382f8a006d46eeeb7255876beb7d7f14d/1129,,
Sound,WVRP #1130,https://opensea.io/assets/0xcbc67ea382f8a006d46eeeb7255876beb7d7f14d/1130,,
Sound,WVRP #2911,https://opensea.io/assets/0xcbc67ea382f8a006d46eeeb7255876beb7d7f14d/2911,,
Sound,WVRP #1128,https://opensea.io/assets/0xcbc67ea382f8a006d46eeeb7255876beb7d7f14d/1128,,
Sound,WVRP #2263,https://opensea.io/assets/0xcbc67ea382f8a006d46eeeb7255876beb7d7f14d/2263,,
Sound,WVRP #3238,https://opensea.io/assets/0xcbc67ea382f8a006d46eeeb7255876beb7d7f14d/3238,,
Sound,WVRP #2759,https://opensea.io/assets/0xcbc67ea382f8a006d46eeeb7255876beb7d7f14d/2759,,
Sound,WVRP #7430,https://opensea.io/assets/0xcbc67ea382f8a006d46eeeb7255876beb7d7f14d/7430,,
Sound,WVRP #5104,https://opensea.io/assets/0xcbc67ea382f8a006d46eeeb7255876beb7d7f14d/5104,,
Sound,WVRP #8728,https://opensea.io/assets/0xcbc67ea382f8a006d46eeeb7255876beb7d7f14d/8728,,
Sound,WVRP #6694,https://opensea.io/assets/0xcbc67ea382f8a006d46eeeb7255876beb7d7f14d/6694,,
Sound,WVRP #2720,https://opensea.io/assets/0xcbc67ea382f8a006d46eeeb7255876beb7d7f14d/2720,,
x,X Copy: Hackproof 2049,https://opensea.io/assets/0x6f9b9f2c75125079c029f6aecde745e09cf06f5a/380785988123262980,,
,CrypToadz #3985,https://opensea.io/assets/0x1cb1a5e65610aeff2551a50f76a87a7d3fb649c6/3985,,
,CrypToadz #2872,https://opensea.io/assets/0x1cb1a5e65610aeff2551a50f76a87a7d3fb649c6/2872,,
Sound,WVRP #8418,https://opensea.io/assets/0xcbc67ea382f8a006d46eeeb7255876beb7d7f14d/8418,,
Sound,WVRP #8627,https://opensea.io/assets/0xcbc67ea382f8a006d46eeeb7255876beb7d7f14d/8627,,
Sound,WVRP #5321,https://opensea.io/assets/0xcbc67ea382f8a006d46eeeb7255876beb7d7f14d/5321,,
Sound,WVRP #9841,https://opensea.io/assets/0xcbc67ea382f8a006d46eeeb7255876beb7d7f14d/9841,,
Sound,WVRP #8846,https://opensea.io/assets/0xcbc67ea382f8a006d46eeeb7255876beb7d7f14d/8846,,
Sound,WVRP #4941,https://opensea.io/assets/0xcbc67ea382f8a006d46eeeb7255876beb7d7f14d/4941,,
Sound,WVRP #9979,https://opensea.io/assets/0xcbc67ea382f8a006d46eeeb7255876beb7d7f14d/9979,,
Sound,WVRP #5470,https://opensea.io/assets/0xcbc67ea382f8a006d46eeeb7255876beb7d7f14d/5470,,
Sound,WVRP #6494,https://opensea.io/assets/0xcbc67ea382f8a006d46eeeb7255876beb7d7f14d/6494,,
Sound,WVRP #6052,https://opensea.io/assets/0xcbc67ea382f8a006d46eeeb7255876beb7d7f14d/6052,,
Sound,WVRP #8566,https://opensea.io/assets/0xcbc67ea382f8a006d46eeeb7255876beb7d7f14d/8566,,
Sound,WVRP #9527,https://opensea.io/assets/0xcbc67ea382f8a006d46eeeb7255876beb7d7f14d/9527,,
Sound,WVRP #3563,https://opensea.io/assets/0xcbc67ea382f8a006d46eeeb7255876beb7d7f14d/3563,,
Motion,X Copy: New Teeth 2033,https://opensea.io/assets/0x6f9b9f2c75125079c029f6aecde745e09cf06f5a/380786771184582657,,
Motion,X Copy : Last Human Police 2039,https://opensea.io/assets/0x6f9b9f2c75125079c029f6aecde745e09cf06f5a/380786389346189315,,
,X Copy: Grifter #515,https://opensea.io/assets/0xc143bbfcdbdbed6d454803804752a064a622c1f3/518,,
Motion,EsoTeros: B l a c k s w a n e r,https://opensea.io/assets/0x495f947276749ce646f68ac8c248420045cb7b5e/56082833380999498738834699501670641061290376513638004776501255304828837429249,,
Motion,EsoTeros: Zarthrumach,https://opensea.io/assets/0x495f947276749ce646f68ac8c248420045cb7b5e/56082833380999498738834699501670641061290376513638004776501255301530302545921,,
Motion,Invisible Friends #1394,https://opensea.io/assets/0x59468516a8259058bad1ca5f8f4bff190d30e066/1394,,
Motion,Deekay: Destiny,https://opensea.io/assets/0xb932a70a57673d89f4acffbe830e8ed7f75fb9e0/29095,,
Motion,Deekay: Lets Walk Cozomo,https://opensea.io/assets/0x0825f050e9b021a0e9de8cb1fb10b6c9f41e834c/10076,,
Motion,X Copy: Some Asshole,https://opensea.io/assets/0x41a322b28d0ff354040e2cbc676f0320d8c8850d/7,,
,Rarepepe: Pepalisa,https://opensea.io/assets/0x82c7a8f707110f5fbb16184a5933e9f78a34c6ab/7234749692889281,,
,Rarepepe: Nakamoto,https://opensea.io/assets/0x82c7a8f707110f5fbb16184a5933e9f78a34c6ab/6461541,,
Motion,Sam Spratt: Birth of Luci,https://opensea.io/assets/0xb932a70a57673d89f4acffbe830e8ed7f75fb9e0/29436,,
Motion,Luis Ponce: Reminders of the insane,https://superrare.com/artwork-v2/reminders-of-the-insane-32390,https://opensea.io/assets/0xb932a70a57673d89f4acffbe830e8ed7f75fb9e0/32390,
,Haru: Just before the eruption,https://superrare.com/artwork-v2/just-before-the-eruption-32367,https://opensea.io/assets/0xb932a70a57673d89f4acffbe830e8ed7f75fb9e0/32367,
Motion,Nicole Buffett: The Dolphin Commemorative,https://superrare.com/artwork-v2/the-dolphin-commemorative-30857,https://opensea.io/assets/0xb932a70a57673d89f4acffbe830e8ed7f75fb9e0/30857,
Motion,Ryan Talbot: Joyride,https://superrare.com/artwork-v2/joyride-30190,https://opensea.io/assets/0xb932a70a57673d89f4acffbe830e8ed7f75fb9e0/30190,
,Sahred Toy: Hoppipolla,https://foundation.app/@Sahredtoy/foundation/96724,https://opensea.io/assets/0x3b3ee1931dc30c1957379fac9aba94d1c48a5405/96724,
Motion,Cem Hasimi: He Sees All.,https://objkt.com/asset/hicetnunc/693222,,
Motion,Cem Hasimi: LOVE you,https://objkt.com/asset/hicetnunc/638076,,